자치구,인구수
종로구,240314 
중구,201935 
용산구,277116 
성동구,339000 
광진구,403827 
동대문구,376537 
중랑구,394880 
성북구,460497 
강북구,333700 
도봉구,315069 
노원구,560035 
은평구,487851 
서대문구,377596 
마포구,467451 
양천구,423055 
강서구,573863 
구로구,405443 
금천구,208143 
영등포구,428442 
동작구,437037 
관악구,550356 
서초구,520445 
강남구,693432 
송파구,755490 
강동구,513026 
종로구,235456 
중구,197338 
용산구,274213 
성동구,338866 
광진구,402908 
동대문구,376721 
중랑구,396635 
성북구,461773 
강북구,334532 
도봉구,317382 
노원구,561778 
은평구,490791 
서대문구,377457 
마포구,461485 
양천구,424654 
강서구,576025 
구로구,403900 
금천구,208376 
영등포구,423483 
동작구,438477 
관악구,552256 
서초구,514942 
강남구,681217 
송파구,755025 
강동구,514668 
종로구,232102 
중구,192254 
용산구,272106 
성동구,339752 
광진구,402393 
동대문구,377468 
중랑구,397762 
성북구,462949 
강북구,335265 
도봉구,318961 
노원구,562459 
은평구,492696 
서대문구,378040 
마포구,456885 
양천구,425654 
강서구,577483 
구로구,403199 
금천구,208874 
영등포구,420768 
동작구,440043 
관악구,554091 
서초구,510897 
강남구,672335 
송파구,755350 
강동구,515065 
종로구,229750 
중구,188959 
용산구,270415 
성동구,340518 
광진구,401915 
동대문구,377983 
중랑구,398765 
성북구,464028 
강북구,335798 
도봉구,319834 
노원구,563033 
은평구,493669 
서대문구,377779 
마포구,452699 
양천구,426907 
강서구,578930 
구로구,403696 
금천구,209299 
영등포구,419855 
동작구,440934 
관악구,555324 
서초구,507969 
강남구,666452 
송파구,755577 
강동구,515291 
종로구,230147 
중구,186939 
용산구,268855 
성동구,341764 
광진구,402166 
동대문구,379725 
중랑구,398462 
성북구,464422 
강북구,335193 
도봉구,320289 
노원구,562523 
은평구,493088 
서대문구,378746 
마포구,449565 
양천구,427396 
강서구,580542 
구로구,403484 
금천구,208727 
영등포구,420294 
동작구,441648 
관악구,554567 
서초구,507684 
강남구,663418 
송파구,755697 
강동구,515668 
종로구,231121 
중구,184835 
용산구,270770 
성동구,345142 
광진구,401851 
동대문구,380522 
중랑구,396249 
성북구,464437 
강북구,332506 
도봉구,319390 
노원구,560355 
은평구,491032 
서대문구,378469 
마포구,449000 
양천구,426806 
강서구,581910 
구로구,401032 
금천구,206712 
영등포구,423757 
동작구,440966 
관악구,551606 
서초구,514449 
강남구,663585 
송파구,756588 
강동구,516230 
종로구,233991 
중구,191256 
용산구,274248 
성동구,345766 
광진구,399860 
동대문구,379785 
중랑구,390841 
성북구,461565 
강북구,327749 
도봉구,315953 
노원구,554900 
은평구,486846 
서대문구,377046 
마포구,446408 
양천구,422165 
강서구,580294 
구로구,396524 
금천구,205800 
영등포구,425568 
동작구,439046 
관악구,545891 
서초구,525356 
강남구,674251 
송파구,756904 
강동구,513244 
종로구,241111 
중구,201424 
용산구,278564 
성동구,346918 
광진구,397114 
동대문구,381826 
중랑구,384344 
성북구,458765 
강북구,321849 
도봉구,312740 
노원구,549733 
은평구,479645 
서대문구,375724 
마포구,446112 
양천구,416251 
강서구,574369 
구로구,395658 
금천구,206455 
영등포구,429387 
동작구,436486 
관악구,538005 
서초구,534277 
강남구,684497 
송파구,755392 
강동구,505987 
종로구,255427 
중구,220573 
용산구,286212 
성동구,351457 
광진구,394754 
동대문구,385125 
중랑구,377737 
성북구,455521 
강북구,314721 
도봉구,307027 
노원구,542419 
은평구,470727 
서대문구,377819 
마포구,449480 
양천구,410186 
강서구,566774 
구로구,393468 
금천구,207532 
영등포구,439566 
동작구,435330 
관악구,527129 
서초구,553875 
강남구,712082 
송파구,757617 
강동구,497216 
종로구,278017 
중구,244252 
용산구,296008 
성동구,353943 
광진구,393142 
동대문구,384760 
중랑구,368502 
성북구,447502 
강북구,307793 
도봉구,301395 
노원구,537834 
은평구,459284 
서대문구,378720 
마포구,456013 
양천구,407997 
강서구,559725 
구로구,392009 
금천구,209802 
영등포구,451614 
동작구,430748 
관악구,516539 
서초구,583735 
강남구,757493 
송파구,765234 
강동구,489649 
종로구,301846 
중구,268863 
용산구,306239 
성동구,353181 
광진구,395623 
동대문구,385855 
중랑구,363083 
성북구,440590 
강북구,302347 
도봉구,296865 
노원구,530002 
은평구,449513 
서대문구,378730 
마포구,464624 
양천구,403293 
강서구,554116 
구로구,396616 
금천구,210226 
영등포구,467762 
동작구,421198 
관악구,506657 
서초구,612049 
강남구,796865 
송파구,769783 
강동구,481605 
종로구,331688 
중구,300747 
용산구,316453 
성동구,351452 
광진구,399107 
동대문구,386828 
중랑구,357702 
성북구,434364 
강북구,296469 
도봉구,290958 
노원구,522896 
은평구,437482 
서대문구,377932 
마포구,474224 
양천구,397873 
강서구,547397 
구로구,401928 
금천구,211544 
영등포구,483470 
동작구,415010 
관악구,496874 
서초구,633598 
강남구,829609 
송파구,776481 
강동구,475262 
종로구,360725 
중구,326347 
용산구,322882 
성동구,349317 
광진구,402089 
동대문구,387355 
중랑구,352082 
성북구,426291 
강북구,292538 
도봉구,285661 
노원구,518657 
은평구,430457 
서대문구,379029 
마포구,487306 
양천구,392742 
강서구,540236 
구로구,406397 
금천구,213457 
영등포구,499188 
동작구,410621 
관악구,489310 
서초구,646248 
강남구,856841 
송파구,781955 
강동구,469829 
종로구,386074 
중구,347490 
용산구,329779 
성동구,345224 
광진구,402029 
동대문구,386194 
중랑구,348255 
성북구,421474 
강북구,289012 
도봉구,279908 
노원구,513711 
은평구,424528 
서대문구,377191 
마포구,499513 
양천구,390920 
강서구,534754 
구로구,412243 
금천구,212311 
영등포구,506377 
동작구,407702 
관악구,481998 
서초구,653529 
강남구,872530 
송파구,790054 
강동구,462167 
종로구,402072 
중구,357750 
용산구,334010 
성동구,345788 
광진구,400757 
동대문구,386960 
중랑구,344962 
성북구,418756 
강북구,286836 
도봉구,278309 
노원구,510219 
은평구,422669 
서대문구,377569 
마포구,507731 
양천구,386915 
강서구,532011 
구로구,417670 
금천구,212262 
영등포구,513924 
동작구,404807 
관악구,477780 
서초구,653008 
강남구,874258 
송파구,797194 
강동구,458733 
종로구,403119 
중구,356033 
용산구,337728 
성동구,347309 
광진구,402754 
동대문구,384988 
중랑구,347385 
성북구,417136 
강북구,285989 
도봉구,281122 
노원구,511346 
은평구,422784 
서대문구,377867 
마포구,513868 
양천구,387753 
강서구,529460 
구로구,420712 
금천구,213295 
영등포구,515074 
동작구,404231 
관악구,476623 
서초구,649600 
강남구,867703 
송파구,796716 
강동구,459807 
종로구,396531 
중구,345183 
용산구,338242 
성동구,351567 
광진구,404683 
동대문구,378169 
중랑구,350479 
성북구,418536 
강북구,288561 
도봉구,282380 
노원구,513751 
은평구,424025 
서대문구,376797 
마포구,522324 
양천구,389005 
강서구,526768 
구로구,427110 
금천구,214890 
영등포구,517799 
동작구,403256 
관악구,477955 
서초구,646314 
강남구,852250 
송파구,800211 
강동구,461855 
종로구,380673 
중구,322765 
용산구,337057 
성동구,350423 
광진구,412895 
동대문구,375353 
중랑구,357284 
성북구,420529 
강북구,293533 
도봉구,284361 
노원구,515054 
은평구,429750 
서대문구,377731 
마포구,531061 
양천구,390084 
강서구,526915 
구로구,435919 
금천구,212950 
영등포구,510174 
동작구,407177 
관악구,484344 
서초구,643134 
강남구,833061 
송파구,799995 
강동구,466440 
종로구,354972 
중구,300088 
용산구,330196 
성동구,345730 
광진구,418252 
동대문구,368680 
중랑구,363850 
성북구,425967 
강북구,300064 
도봉구,287809 
노원구,521665 
은평구,438847 
서대문구,379077 
마포구,534960 
양천구,395350 
강서구,531653 
구로구,435497 
금천구,210245 
영등포구,496894 
동작구,409390 
관악구,492937 
서초구,630156 
강남구,809188 
송파구,801877 
강동구,472346 
종로구,332390 
중구,276524 
용산구,324666 
성동구,340926 
광진구,418368 
동대문구,368044 
중랑구,368932 
성북구,432357 
강북구,308232 
도봉구,291998 
노원구,530999 
은평구,446148 
서대문구,380201 
마포구,531872 
양천구,401498 
강서구,536682 
구로구,434003 
금천구,209985 
영등포구,484348 
동작구,413809 
관악구,502790 
서초구,607876 
강남구,778578 
송파구,795708 
강동구,478906 
종로구,308163 
중구,249743 
용산구,318076 
성동구,342988 
광진구,419069 
동대문구,369126 
중랑구,374750 
성북구,438530 
강북구,315976 
도봉구,298162 
노원구,536724 
은평구,455815 
서대문구,381097 
마포구,524915 
양천구,406563 
강서구,541638 
구로구,438446 
금천구,210054 
영등포구,472534 
동작구,418603 
관악구,511888 
서초구,587037 
강남구,745821 
송파구,788180 
강동구,483755 
종로구,282843 
중구,222730 
용산구,312446 
성동구,344628 
광진구,419319 
동대문구,371232 
중랑구,379445 
성북구,443541 
강북구,321670 
도봉구,304184 
노원구,543229 
은평구,465277 
서대문구,379554 
마포구,515520 
양천구,412499 
강서구,548735 
구로구,440810 
금천구,208266 
영등포구,459910 
동작구,423262 
관악구,522680 
서초구,566710 
강남구,719056 
송파구,773783 
강동구,490001 
종로구,258190 
중구,200309 
용산구,299292 
성동구,343245 
광진구,417709 
동대문구,375188 
중랑구,384395 
성북구,450101 
강북구,328102 
도봉구,309983 
노원구,550238 
은평구,474679 
서대문구,376371 
마포구,496644 
양천구,416786 
강서구,558327 
구로구,442075 
금천구,208759 
영등포구,447914 
동작구,427522 
관악구,534803 
서초구,544262 
강남구,681410 
송파구,758104 
강동구,498000 
종로구,238346 
중구,179468 
용산구,284645 
성동구,336932 
광진구,407124 
동대문구,374835 
중랑구,392480 
성북구,457060 
강북구,336050 
도봉구,313449 
노원구,558339 
은평구,486864 
서대문구,373681 
마포구,472458 
양천구,419722 
강서구,570823 
구로구,420965 
금천구,207820 
영등포구,427787 
동작구,435165 
관악구,545416 
서초구,510876 
강남구,657250 
송파구,741518 
강동구,508437 
종로구,233533 
중구,173173 
용산구,280613 
성동구,333590 
광진구,403328 
동대문구,375211 
중랑구,394870 
성북구,461435 
강북구,337449 
도봉구,316242 
노원구,560270 
은평구,489761 
서대문구,373328 
마포구,465692 
양천구,422914 
강서구,572728 
구로구,405963 
금천구,207924 
영등포구,418600 
동작구,431344 
관악구,548204 
서초구,503369 
강남구,650539 
송파구,742000 
강동구,509362 
종로구,229489 
중구,169820 
용산구,278202 
성동구,334750 
광진구,401828 
동대문구,375474 
중랑구,396694 
성북구,461735 
강북구,338111 
도봉구,318036 
노원구,560995 
은평구,491596 
서대문구,373001 
마포구,460810 
양천구,423941 
강서구,574253 
구로구,404217 
금천구,208376 
영등포구,415972 
동작구,432755 
관악구,549812 
서초구,499317 
강남구,644482 
송파구,740619 
강동구,509952 
종로구,226806 
중구,168117 
용산구,276530 
성동구,335111 
광진구,401037 
동대문구,376071 
중랑구,397609 
성북구,462474 
강북구,338094 
도봉구,319575 
노원구,561599 
은평구,492988 
서대문구,372639 
마포구,456581 
양천구,424605 
강서구,576011 
구로구,404034 
금천구,209158 
영등포구,414422 
동작구,433644 
관악구,550275 
서초구,496127 
강남구,640032 
송파구,740244 
강동구,510488 
종로구,225282 
중구,166708 
용산구,273922 
성동구,335268 
광진구,400552 
동대문구,376870 
중랑구,398193 
성북구,463092 
강북구,338124 
도봉구,320695 
노원구,561882 
은평구,493838 
서대문구,372795 
마포구,451919 
양천구,425815 
강서구,576949 
구로구,404400 
금천구,209444 
영등포구,413558 
동작구,434195 
관악구,551229 
서초구,494522 
강남구,636645 
송파구,740403 
강동구,510707 
종로구,223819 
중구,166403 
용산구,271508 
성동구,335627 
광진구,399985 
동대문구,377745 
중랑구,398480 
성북구,463963 
강북구,337515 
도봉구,321449 
노원구,561676 
은평구,493916 
서대문구,373647 
마포구,448469 
양천구,426120 
강서구,578215 
구로구,405064 
금천구,209193 
영등포구,413039 
동작구,434908 
관악구,550911 
서초구,494011 
강남구,634797 
송파구,740252 
강동구,510974 
종로구,223790 
중구,166233 
용산구,270145 
성동구,337183 
광진구,399660 
동대문구,378046 
중랑구,397610 
성북구,464026 
강북구,335799 
도봉구,321648 
노원구,560834 
은평구,492577 
서대문구,373597 
마포구,444830 
양천구,426242 
강서구,579487 
구로구,404409 
금천구,208049 
영등포구,414965 
동작구,434494 
관악구,549660 
서초구,497439 
강남구,634521 
송파구,740456 
강동구,510569 
종로구,226047 
중구,171077 
용산구,270293 
성동구,337168 
광진구,398096 
동대문구,379568 
중랑구,395346 
성북구,463335 
강북구,333705 
도봉구,320193 
노원구,558163 
은평구,490341 
서대문구,371974 
마포구,440098 
양천구,424180 
강서구,579167 
구로구,402753 
금천구,207534 
영등포구,419897 
동작구,433575 
관악구,545977 
서초구,501030 
강남구,638091 
송파구,740467 
강동구,509135 
종로구,229284 
중구,177250 
용산구,272187 
성동구,337119 
광진구,397255 
동대문구,380592 
중랑구,392697 
성북구,462155 
강북구,330822 
도봉구,319097 
노원구,555222 
은평구,486953 
서대문구,371204 
마포구,439100 
양천구,420458 
강서구,575842 
구로구,401478 
금천구,206391 
영등포구,428305 
동작구,430167 
관악구,541390 
서초구,506924 
강남구,644188 
송파구,741178 
강동구,507214 
종로구,237822 
중구,191250 
용산구,283826 
성동구,341555 
광진구,395841 
동대문구,381244 
중랑구,387974 
성북구,459152 
강북구,326227 
도봉구,318716 
노원구,550629 
은평구,482863 
서대문구,369948 
마포구,441947 
양천구,417969 
강서구,570157 
구로구,402582 
금천구,205516 
영등포구,437109 
동작구,428424 
관악구,536139 
서초구,521026 
강남구,662825 
송파구,744720 
강동구,502728 
종로구,252590 
중구,212756 
용산구,296424 
성동구,341652 
광진구,395585 
동대문구,380833 
중랑구,380530 
성북구,455101 
강북구,321080 
도봉구,316793 
노원구,547446 
은평구,474364 
서대문구,368947 
마포구,446079 
양천구,415311 
강서구,564825 
구로구,403363 
금천구,206990 
영등포구,453024 
동작구,423337 
관악구,528501 
서초구,546059 
강남구,688055 
송파구,748705 
강동구,499712 
종로구,272697 
중구,235028 
용산구,307192 
성동구,341476 
광진구,396471 
동대문구,382900 
중랑구,375526 
성북구,450163 
강북구,315424 
도봉구,314702 
노원구,539154 
은평구,464060 
서대문구,370792 
마포구,454725 
양천구,409829 
강서구,559004 
구로구,408883 
금천구,206772 
영등포구,470739 
동작구,416995 
관악구,521456 
서초구,564323 
강남구,714852 
송파구,755672 
강동구,497178 
종로구,295059 
중구,257566 
용산구,316739 
성동구,337739 
광진구,397302 
동대문구,383793 
중랑구,372424 
성북구,443681 
강북구,310206 
도봉구,310484 
노원구,533197 
은평구,455224 
서대문구,367784 
마포구,462131 
양천구,405058 
강서구,552423 
구로구,410346 
금천구,206313 
영등포구,485921 
동작구,407974 
관악구,512796 
서초구,579493 
강남구,740079 
송파구,763782 
강동구,490915 
종로구,316749 
중구,274957 
용산구,322400 
성동구,336075 
광진구,400061 
동대문구,385119 
중랑구,369652 
성북구,437990 
강북구,307714 
도봉구,305274 
노원구,530673 
은평구,447732 
서대문구,365749 
마포구,469708 
양천구,402121 
강서구,546750 
구로구,409290 
금천구,207510 
영등포구,494225 
동작구,404911 
관악구,506118 
서초구,589004 
강남구,757014 
송파구,773819 
강동구,485097 
종로구,334176 
중구,286744 
용산구,325825 
성동구,336367 
광진구,402809 
동대문구,387270 
중랑구,363346 
성북구,432563 
강북구,305066 
도봉구,302014 
노원구,529850 
은평구,441801 
서대문구,366066 
마포구,478488 
양천구,398734 
강서구,544286 
구로구,406435 
금천구,210194 
영등포구,497176 
동작구,400813 
관악구,500023 
서초구,597616 
강남구,764691 
송파구,784308 
강동구,479770 
종로구,343768 
중구,289368 
용산구,323840 
성동구,337878 
광진구,403295 
동대문구,388865 
중랑구,362922 
성북구,429270 
강북구,303074 
도봉구,301453 
노원구,528520 
은평구,440412 
서대문구,367262 
마포구,486543 
양천구,398050 
강서구,542549 
구로구,405321 
금천구,213083 
영등포구,497424 
동작구,398835 
관악구,495527 
서초구,599799 
강남구,764569 
송파구,795440 
강동구,478412 
종로구,339177 
중구,284544 
용산구,325270 
성동구,338870 
광진구,406570 
동대문구,387862 
중랑구,366950 
성북구,429413 
강북구,302575 
도봉구,300692 
노원구,531232 
은평구,443992 
서대문구,369882 
마포구,488543 
양천구,400719 
강서구,542629 
구로구,402842 
금천구,216063 
영등포구,496584 
동작구,398724 
관악구,493988 
서초구,600597 
강남구,758546 
송파구,803324 
강동구,478515 
종로구,330626 
중구,272837 
용산구,319204 
성동구,341934 
광진구,409911 
동대문구,384193 
중랑구,370759 
성북구,433155 
강북구,303999 
도봉구,301255 
노원구,537046 
은평구,448254 
서대문구,372557 
마포구,491824 
양천구,404298 
강서구,543384 
구로구,404295 
금천구,216365 
영등포구,494829 
동작구,401816 
관악구,498586 
서초구,593198 
강남구,747613 
송파구,810268 
강동구,479596 
종로구,312394 
중구,256556 
용산구,314717 
성동구,339083 
광진구,414659 
동대문구,381593 
중랑구,377105 
성북구,439465 
강북구,309240 
도봉구,304504 
노원구,539494 
은평구,454002 
서대문구,373833 
마포구,495838 
양천구,409660 
강서구,548774 
구로구,403265 
금천구,215588 
영등포구,484989 
동작구,406218 
관악구,505012 
서초구,587458 
강남구,738605 
송파구,812741 
강동구,485702 
종로구,293227 
중구,238184 
용산구,307048 
성동구,338542 
광진구,419434 
동대문구,378841 
중랑구,382622 
성북구,446664 
강북구,314016 
도봉구,306158 
노원구,548610 
은평구,462156 
서대문구,375724 
마포구,495406 
양천구,416827 
강서구,554763 
구로구,406738 
금천구,214549 
영등포구,472813 
동작구,411285 
관악구,514752 
서초구,578228 
강남구,720348 
송파구,812596 
강동구,492333 
종로구,277015 
중구,226824 
용산구,303563 
성동구,339549 
광진구,419922 
동대문구,377062 
중랑구,387331 
성북구,452708 
강북구,319431 
도봉구,310047 
노원구,552952 
은평구,468892 
서대문구,376912 
마포구,491261 
양천구,421755 
강서구,558310 
구로구,405643 
금천구,212348 
영등포구,464263 
동작구,418656 
관악구,523204 
서초구,564144 
강남구,704778 
송파구,807673 
강동구,498806 
종로구,259605 
중구,214377 
용산구,295870 
성동구,345089 
광진구,420252 
동대문구,377928 
중랑구,390593 
성북구,458100 
강북구,322555 
도봉구,313924 
노원구,558401 
은평구,476157 
서대문구,376919 
마포구,484667 
양천구,425655 
강서구,562600 
구로구,410220 
금천구,211929 
영등포구,453430 
동작구,424395 
관악구,532707 
서초구,555137 
강남구,690707 
송파구,796658 
강동구,503764 
종로구,245104 
중구,202387 
용산구,286593 
성동구,346413 
광진구,420090 
동대문구,379256 
중랑구,393739 
성북구,463981 
강북구,327214 
도봉구,317666 
노원구,563870 
은평구,483668 
서대문구,378080 
마포구,475752 
양천구,428457 
강서구,571279 
구로구,411624 
금천구,212165 
영등포구,445078 
동작구,430969 
관악구,542541 
서초구,540403 
강남구,672856 
송파구,777133 
강동구,508322 
종로구,233017 
중구,192145 
용산구,275500 
성동구,346618 
광진구,418177 
동대문구,381895 
중랑구,397914 
성북구,469675 
강북구,331617 
도봉구,321654 
노원구,567287 
은평구,489962 
서대문구,378109 
마포구,462663 
양천구,430374 
강서구,578054 
구로구,414848 
금천구,212209 
영등포구,437060 
동작구,437081 
관악구,550597 
서초구,524722 
강남구,650768 
송파구,767621 
강동구,512901 
종로구,226758 
중구,181641 
용산구,263862 
성동구,342534 
광진구,409129 
동대문구,381722 
중랑구,403963 
성북구,472178 
강북구,339141 
도봉구,323446 
노원구,569140 
은평구,498828 
서대문구,377386 
마포구,447910 
양천구,431300 
강서구,585609 
구로구,406841 
금천구,210317 
영등포구,419127 
동작구,445713 
관악구,563035 
서초구,498817 
강남구,643858 
송파구,760044 
강동구,520975 
종로구,224259 
중구,178907 
용산구,261733 
성동구,342170 
광진구,407226 
동대문구,381627 
중랑구,405188 
성북구,473973 
강북구,339891 
도봉구,324927 
노원구,570356 
은평구,500219 
서대문구,377997 
마포구,444200 
양천구,432189 
강서구,586558 
구로구,406097 
금천구,210975 
영등포구,416118 
동작구,445916 
관악구,564356 
서초구,496310 
강남구,638869 
송파구,760504 
강동구,521447 
종로구,222868 
중구,177689 
용산구,260347 
성동구,342839 
광진구,406214 
동대문구,382200 
중랑구,405754 
성북구,473464 
강북구,340707 
도봉구,325441 
노원구,570964 
은평구,501110 
서대문구,377804 
마포구,442239 
양천구,432721 
강서구,587168 
구로구,406215 
금천구,211171 
영등포구,415423 
동작구,446313 
관악구,565139 
서초구,495514 
강남구,636930 
송파구,759918 
강동구,522070 
종로구,221927 
중구,175800 
용산구,259897 
성동구,343279 
광진구,405684 
동대문구,382688 
중랑구,406187 
성북구,473833 
강북구,340898 
도봉구,325765 
노원구,571149 
은평구,501271 
서대문구,377515 
마포구,441164 
양천구,432801 
강서구,587401 
구로구,406700 
금천구,211297 
영등포구,414754 
동작구,447003 
관악구,565330 
서초구,495145 
강남구,635647 
송파구,759648 
강동구,522342 
종로구,221380 
중구,174804 
용산구,259653 
성동구,343565 
광진구,405456 
동대문구,382892 
중랑구,405959 
성북구,474137 
강북구,340892 
도봉구,326358 
노원구,570814 
은평구,501422 
서대문구,377723 
마포구,439795 
양천구,433339 
강서구,587613 
구로구,406908 
금천구,211340 
영등포구,414786 
동작구,447038 
관악구,565765 
서초구,495054 
강남구,635214 
송파구,759808 
강동구,522189 
종로구,224167 
중구,175235 
용산구,261534 
성동구,344401 
광진구,405137 
동대문구,383310 
중랑구,404941 
성북구,474065 
강북구,338828 
도봉구,325193 
노원구,569574 
은평구,498787 
서대문구,378602 
마포구,439629 
양천구,432652 
강서구,588154 
구로구,406663 
금천구,210957 
영등포구,417382 
동작구,446694 
관악구,564101 
서초구,497744 
강남구,637628 
송파구,759880 
강동구,521921 
종로구,226752 
중구,176792 
용산구,266237 
성동구,347465 
광진구,404930 
동대문구,383946 
중랑구,400806 
성북구,472305 
강북구,334547 
도봉구,323539 
노원구,566620 
은평구,495372 
서대문구,378354 
마포구,442451 
양천구,430966 
강서구,588740 
구로구,406026 
금천구,210346 
영등포구,423056 
동작구,445475 
관악구,560528 
서초구,509412 
강남구,646264 
송파구,761571 
강동구,521205 
종로구,238694 
중구,191587 
용산구,277790 
성동구,353223 
광진구,403858 
동대문구,384144 
중랑구,393382 
성북구,467406 
강북구,326548 
도봉구,318015 
노원구,557722 
은평구,487952 
서대문구,378918 
마포구,445058 
양천구,424229 
강서구,586624 
구로구,405415 
금천구,211807 
영등포구,437508 
동작구,442665 
관악구,550699 
서초구,540257 
강남구,671997 
송파구,764008 
강동구,517906 
종로구,275891 
중구,235211 
용산구,301358 
성동구,364195 
광진구,402647 
동대문구,387258 
중랑구,382081 
성북구,455225 
강북구,314010 
도봉구,311046 
노원구,545053 
은평구,473074 
서대문구,382241 
마포구,450266 
양천구,408873 
강서구,577495 
구로구,415358 
금천구,220247 
영등포구,487814 
동작구,435790 
관악구,533931 
서초구,581837 
강남구,728198 
송파구,763628 
강동구,508323 
종로구,345422 
중구,349996 
용산구,321958 
성동구,378503 
광진구,385094 
동대문구,388779 
중랑구,353234 
성북구,437107 
강북구,294770 
도봉구,290897 
노원구,517832 
은평구,430929 
서대문구,394390 
마포구,466322 
양천구,386020 
강서구,550250 
구로구,415680 
금천구,250551 
영등포구,545143 
동작구,414314 
관악구,490582 
서초구,649232 
강남구,858470 
송파구,760141 
강동구,476472 
종로구,395145 
중구,412547 
용산구,332523 
성동구,377146 
광진구,372334 
동대문구,386775 
중랑구,338635 
성북구,427572 
강북구,281873 
도봉구,277043 
노원구,505941 
은평구,407735 
서대문구,403975 
마포구,486939 
양천구,371415 
강서구,536932 
구로구,416292 
금천구,265666 
영등포구,562580 
동작구,396049 
관악구,456876 
서초구,698018 
강남구,971180 
송파구,759839 
강동구,460126 
종로구,424903 
중구,446744 
용산구,333084 
성동구,375479 
광진구,372599 
동대문구,388148 
중랑구,331030 
성북구,425889 
강북구,275473 
도봉구,269984 
노원구,500324 
은평구,395858 
서대문구,413746 
마포구,494794 
양천구,365051 
강서구,530884 
구로구,415273 
금천구,268669 
영등포구,569371 
동작구,392322 
관악구,445663 
서초구,719715 
강남구,1020385 
송파구,758981 
강동구,451196 
종로구,443068 
중구,470047 
용산구,334258 
성동구,374998 
광진구,371309 
동대문구,389912 
중랑구,325265 
성북구,427309 
강북구,272986 
도봉구,265241 
노원구,495223 
은평구,389464 
서대문구,418455 
마포구,500326 
양천구,360301 
강서구,524002 
구로구,411810 
금천구,270511 
영등포구,576102 
동작구,391166 
관악구,438457 
서초구,736936 
강남구,1049784 
송파구,755889 
강동구,446079 
종로구,456075 
중구,485379 
용산구,334301 
성동구,373418 
광진구,370300 
동대문구,393101 
중랑구,323483 
성북구,425776 
강북구,271674 
도봉구,262448 
노원구,490891 
은평구,384329 
서대문구,420932 
마포구,503831 
양천구,358157 
강서구,519687 
구로구,409775 
금천구,271055 
영등포구,579722 
동작구,390468 
관악구,434102 
서초구,745369 
강남구,1067523 
송파구,756935 
강동구,443023 
종로구,460147 
중구,493175 
용산구,336596 
성동구,374131 
광진구,370316 
동대문구,393956 
중랑구,321086 
성북구,425807 
강북구,269330 
도봉구,260346 
노원구,489447 
은평구,380933 
서대문구,423614 
마포구,508084 
양천구,358877 
강서구,516204 
구로구,408675 
금천구,270732 
영등포구,584961 
동작구,391386 
관악구,430986 
서초구,751647 
강남구,1082805 
송파구,756285 
강동구,440827 
종로구,460823 
중구,494311 
용산구,335699 
성동구,374284 
광진구,371337 
동대문구,394087 
중랑구,319900 
성북구,425528 
강북구,269109 
도봉구,259345 
노원구,490313 
은평구,380145 
서대문구,424603 
마포구,507114 
양천구,360288 
강서구,515433 
구로구,407560 
금천구,271869 
영등포구,586654 
동작구,392404 
관악구,429338 
서초구,752955 
강남구,1086613 
송파구,756052 
강동구,442041 
종로구,448806 
중구,481528 
용산구,335989 
성동구,375662 
광진구,373528 
동대문구,391475 
중랑구,323144 
성북구,427027 
강북구,272474 
도봉구,260499 
노원구,493137 
은평구,384175 
서대문구,421083 
마포구,510339 
양천구,362867 
강서구,516661 
구로구,409765 
금천구,272001 
영등포구,582945 
동작구,394531 
관악구,433488 
서초구,747176 
강남구,1081341 
송파구,756193 
강동구,446080 
종로구,431277 
중구,461483 
용산구,333445 
성동구,376760 
광진구,374893 
동대문구,388702 
중랑구,328612 
성북구,429121 
강북구,276024 
도봉구,264807 
노원구,493352 
은평구,391343 
서대문구,416416 
마포구,511571 
양천구,367847 
강서구,519285 
구로구,410783 
금천구,272806 
영등포구,577849 
동작구,396670 
관악구,438718 
서초구,739448 
강남구,1064510 
송파구,755104 
강동구,448400 
종로구,407827 
중구,431607 
용산구,329148 
성동구,377923 
광진구,383376 
동대문구,384568 
중랑구,336313 
성북구,431613 
강북구,281485 
도봉구,269683 
노원구,498675 
은평구,400471 
서대문구,414391 
마포구,512156 
양천구,377042 
강서구,520971 
구로구,416866 
금천구,268414 
영등포구,567561 
동작구,402729 
관악구,446972 
서초구,727203 
강남구,1038945 
송파구,760049 
강동구,452024 
종로구,367464 
중구,365740 
용산구,320538 
성동구,375328 
광진구,405159 
동대문구,381721 
중랑구,350674 
성북구,440163 
강북구,290414 
도봉구,280998 
노원구,512850 
은평구,421982 
서대문구,408715 
마포구,509277 
양천구,387134 
강서구,526607 
구로구,421613 
금천구,252065 
영등포구,538836 
동작구,416651 
관악구,471495 
서초구,693981 
강남구,978199 
송파구,765556 
강동구,465586 
종로구,333186 
중구,315998 
용산구,297150 
성동구,361484 
광진구,410451 
동대문구,383245 
중랑구,366729 
성북구,450956 
강북구,303190 
도봉구,292224 
노원구,532326 
은평구,442225 
서대문구,403639 
마포구,501504 
양천구,403548 
강서구,540005 
구로구,414242 
금천구,231926 
영등포구,501126 
동작구,426487 
관악구,497302 
서초구,643146 
강남구,888257 
송파구,766605 
강동구,480941 
종로구,307442 
중구,283836 
용산구,287628 
성동구,355732 
광진구,411579 
동대문구,383802 
중랑구,373878 
성북구,456216 
강북구,310719 
도봉구,299952 
노원구,543418 
은평구,454637 
서대문구,401619 
마포구,492992 
양천구,410485 
강서구,549247 
구로구,412132 
금천구,225080 
영등포구,480282 
동작구,432264 
관악구,512679 
서초구,610708 
강남구,831063 
송파구,763220 
강동구,489290 
종로구,281861 
중구,252572 
용산구,280860 
성동구,353267 
광진구,413147 
동대문구,384833 
중랑구,380429 
성북구,460995 
강북구,317105 
도봉구,307607 
노원구,553446 
은평구,466217 
서대문구,396522 
마포구,480378 
양천구,418444 
강서구,558677 
구로구,412856 
금천구,219623 
영등포구,464850 
동작구,435825 
관악구,527183 
서초구,581706 
강남구,781528 
송파구,763030 
강동구,496591 
종로구,255651 
중구,225667 
용산구,274759 
성동구,350714 
광진구,414714 
동대문구,384806 
중랑구,387361 
성북구,466017 
강북구,324757 
도봉구,315235 
노원구,558744 
은평구,478077 
서대문구,390344 
마포구,464927 
양천구,421689 
강서구,568012 
구로구,415313 
금천구,217527 
영등포구,451166 
동작구,438799 
관악구,541179 
서초구,551560 
강남구,724287 
송파구,762746 
강동구,505169 
종로구,238351 
중구,201468 
용산구,263213 
성동구,343443 
광진구,406241 
동대문구,382636 
중랑구,398344 
성북구,469416 
강북구,333637 
도봉구,317968 
노원구,563988 
은평구,490417 
서대문구,382937 
마포구,452213 
양천구,426268 
강서구,580200 
구로구,406854 
금천구,213110 
영등포구,428138 
동작구,443289 
관악구,555746 
서초구,515025 
강남구,689700 
송파구,758423 
강동구,516362 
종로구,233379 
중구,194848 
용산구,260599 
성동구,342455 
광진구,405101 
동대문구,382208 
중랑구,400379 
성북구,470952 
강북구,335421 
도봉구,320678 
노원구,566283 
은평구,493917 
서대문구,382512 
마포구,445619 
양천구,427853 
강서구,582671 
구로구,405940 
금천구,212635 
영등포구,423086 
동작구,444839 
관악구,558830 
서초구,507469 
강남구,673688 
송파구,758715 
강동구,518677 
종로구,231095 
중구,191521 
용산구,259439 
성동구,342987 
광진구,405418 
동대문구,382588 
중랑구,401419 
성북구,471204 
강북구,336342 
도봉구,321556 
노원구,567481 
은평구,495580 
서대문구,382269 
마포구,443181 
양천구,428924 
강서구,583160 
구로구,405593 
금천구,213046 
영등포구,421038 
동작구,445669 
관악구,560234 
서초구,504304 
강남구,666080 
송파구,758473 
강동구,519463 
종로구,229692 
중구,188943 
용산구,259135 
성동구,343255 
광진구,405463 
동대문구,382723 
중랑구,402226 
성북구,472113 
강북구,336581 
도봉구,322642 
노원구,567638 
은평구,496854 
서대문구,382594 
마포구,441037 
양천구,429061 
강서구,583966 
구로구,405990 
금천구,212858 
영등포구,419918 
동작구,446310 
관악구,561192 
서초구,502493 
강남구,661098 
송파구,758605 
강동구,519880 
종로구,228997 
중구,186559 
용산구,259213 
성동구,344311 
광진구,404938 
동대문구,382809 
중랑구,402809 
성북구,472341 
강북구,336742 
도봉구,323531 
노원구,567825 
은평구,497094 
서대문구,382290 
마포구,440026 
양천구,429448 
강서구,584392 
구로구,406042 
금천구,213271 
영등포구,419421 
동작구,447021 
관악구,561714 
서초구,501200 
강남구,658028 
송파구,758990 
강동구,519780 
종로구,231374 
중구,185339 
용산구,260461 
성동구,345150 
광진구,405161 
동대문구,384010 
중랑구,401863 
성북구,472643 
강북구,335306 
도봉구,322637 
노원구,567045 
은평구,495674 
서대문구,383019 
마포구,439654 
양천구,429155 
강서구,584959 
구로구,406673 
금천구,212944 
영등포구,421599 
동작구,446431 
관악구,561022 
서초구,502589 
강남구,658040 
송파구,759131 
강동구,519558 
종로구,233888 
중구,185895 
용산구,265310 
성동구,348257 
광진구,405320 
동대문구,385045 
중랑구,398093 
성북구,471559 
강북구,331446 
도봉구,321802 
노원구,564635 
은평구,492340 
서대문구,383884 
마포구,441835 
양천구,428294 
강서구,585800 
구로구,405418 
금천구,211840 
영등포구,427349 
동작구,445317 
관악구,557744 
서초구,512272 
강남구,664124 
송파구,760110 
강동구,520287 
종로구,245427 
중구,199165 
용산구,276494 
성동구,353502 
광진구,403867 
동대문구,385017 
중랑구,389887 
성북구,467637 
강북구,323861 
도봉구,316407 
노원구,557007 
은평구,484863 
서대문구,384614 
마포구,445073 
양천구,422547 
강서구,585240 
구로구,403746 
금천구,213278 
영등포구,439755 
동작구,443714 
관악구,549006 
서초구,541315 
강남구,687271 
송파구,763937 
강동구,516733 
종로구,280910 
중구,242120 
용산구,298460 
성동구,365761 
광진구,403483 
동대문구,389492 
중랑구,378134 
성북구,456959 
강북구,311623 
도봉구,309039 
노원구,546052 
은평구,469081 
서대문구,389322 
마포구,449260 
양천구,408035 
강서구,577968 
구로구,412168 
금천구,220323 
영등포구,488507 
동작구,435997 
관악구,532536 
서초구,584395 
강남구,740402 
송파구,764224 
강동구,505784 
종로구,349842 
중구,352809 
용산구,322822 
성동구,379226 
광진구,385590 
동대문구,390997 
중랑구,349802 
성북구,441267 
강북구,292172 
도봉구,289916 
노원구,517250 
은평구,430657 
서대문구,401303 
마포구,468642 
양천구,384945 
강서구,550657 
구로구,412690 
금천구,248852 
영등포구,543625 
동작구,415233 
관악구,486927 
서초구,647995 
강남구,867512 
송파구,760416 
강동구,476961 
종로구,400830 
중구,421936 
용산구,335554 
성동구,377888 
광진구,374398 
동대문구,389284 
중랑구,332536 
성북구,429053 
강북구,279319 
도봉구,275099 
노원구,504294 
은평구,405639 
서대문구,410652 
마포구,484597 
양천구,369721 
강서구,534190 
구로구,412408 
금천구,262068 
영등포구,561759 
동작구,397421 
관악구,455856 
서초구,698971 
강남구,974119 
송파구,758580 
강동구,460067 
종로구,432869 
중구,456692 
용산구,337429 
성동구,375652 
광진구,373328 
동대문구,392490 
중랑구,324449 
성북구,427132 
강북구,273567 
도봉구,269053 
노원구,497034 
은평구,392717 
서대문구,418714 
마포구,496658 
양천구,360340 
강서구,528335 
구로구,409276 
금천구,265427 
영등포구,570778 
동작구,392292 
관악구,443033 
서초구,725130 
강남구,1024857 
송파구,759050 
강동구,451169 
종로구,457540 
중구,483128 
용산구,338364 
성동구,372709 
광진구,369651 
동대문구,393002 
중랑구,318431 
성북구,426405 
강북구,270419 
도봉구,264540 
노원구,490641 
은평구,385684 
서대문구,423193 
마포구,504654 
양천구,355786 
강서구,519829 
구로구,406261 
금천구,266196 
영등포구,576640 
동작구,387752 
관악구,436059 
서초구,745351 
강남구,1056299 
송파구,756362 
강동구,443887 
종로구,474014 
중구,500038 
용산구,338412 
성동구,371838 
광진구,368870 
동대문구,396430 
중랑구,316258 
성북구,423362 
강북구,267946 
도봉구,261759 
노원구,486252 
은평구,380116 
서대문구,422023 
마포구,510260 
양천구,354660 
강서구,515523 
구로구,405906 
금천구,267520 
영등포구,578324 
동작구,387513 
관악구,431053 
서초구,755623 
강남구,1075283 
송파구,754543 
강동구,439604 
종로구,480156 
중구,507590 
용산구,340925 
성동구,371680 
광진구,367879 
동대문구,397817 
중랑구,313777 
성북구,422452 
강북구,266569 
도봉구,259648 
노원구,484115 
은평구,376827 
서대문구,425738 
마포구,513421 
양천구,354328 
강서구,513089 
구로구,404057 
금천구,267940 
영등포구,582524 
동작구,389787 
관악구,426897 
서초구,764149 
강남구,1091861 
송파구,754334 
강동구,437430 
종로구,481057 
중구,507214 
용산구,339834 
성동구,371149 
광진구,368777 
동대문구,399579 
중랑구,313839 
성북구,423118 
강북구,265808 
도봉구,259141 
노원구,485170 
은평구,376627 
서대문구,427925 
마포구,515751 
양천구,355970 
강서구,512690 
구로구,402091 
금천구,268445 
영등포구,585498 
동작구,391470 
관악구,424677 
서초구,766338 
강남구,1099997 
송파구,753286 
강동구,438736 
종로구,470871 
중구,498478 
용산구,339291 
성동구,373328 
광진구,371180 
동대문구,399424 
중랑구,317784 
성북구,422707 
강북구,268037 
도봉구,260479 
노원구,485874 
은평구,379919 
서대문구,423707 
마포구,517089 
양천구,360143 
강서구,511368 
구로구,405425 
금천구,269301 
영등포구,581261 
동작구,390874 
관악구,428037 
서초구,761287 
강남구,1095518 
송파구,754620 
강동구,442679 
종로구,450892 
중구,478550 
용산구,337156 
성동구,375107 
광진구,374565 
동대문구,394717 
중랑구,323993 
성북구,424487 
강북구,272375 
도봉구,263985 
노원구,488044 
은평구,385626 
서대문구,418599 
마포구,519276 
양천구,364627 
강서구,515429 
구로구,408221 
금천구,268189 
영등포구,579823 
동작구,392974 
관악구,434490 
서초구,749795 
강남구,1081934 
송파구,756656 
강동구,446447 
종로구,424822 
중구,448817 
용산구,335900 
성동구,378213 
광진구,380430 
동대문구,387282 
중랑구,331792 
성북구,427389 
강북구,277463 
도봉구,268488 
노원구,495018 
은평구,394381 
서대문구,414573 
마포구,523731 
양천구,372681 
강서구,518939 
구로구,416253 
금천구,263223 
영등포구,570286 
동작구,399298 
관악구,443787 
서초구,739731 
강남구,1057425 
송파구,762583 
강동구,451891 
종로구,384301 
중구,381944 
용산구,331116 
성동구,375937 
광진구,402092 
동대문구,386590 
중랑구,346137 
성북구,436847 
강북구,287120 
도봉구,278722 
노원구,510961 
은평구,416433 
서대문구,408752 
마포구,521498 
양천구,383637 
강서구,524410 
구로구,418078 
금천구,247816 
영등포구,548299 
동작구,414397 
관악구,467725 
서초구,704604 
강남구,995301 
송파구,769143 
강동구,462709 
종로구,350940 
중구,332373 
용산구,309448 
성동구,361704 
광진구,407319 
동대문구,386713 
중랑구,360684 
성북구,446911 
강북구,300811 
도봉구,288748 
노원구,531141 
은평구,437889 
서대문구,403438 
마포구,515416 
양천구,397470 
강서구,538239 
구로구,411753 
금천구,230143 
영등포구,508773 
동작구,424297 
관악구,494001 
서초구,661630 
강남구,909541 
송파구,769494 
강동구,477314 
종로구,325243 
중구,297295 
용산구,298559 
성동구,354641 
광진구,409723 
동대문구,384612 
중랑구,368596 
성북구,452029 
강북구,308848 
도봉구,298126 
노원구,541204 
은평구,450182 
서대문구,401406 
마포구,508025 
양천구,406001 
강서구,548392 
구로구,411731 
금천구,224319 
영등포구,486655 
동작구,431573 
관악구,508985 
서초구,629472 
강남구,853875 
송파구,768016 
강동구,485507 
종로구,293949 
중구,263916 
용산구,292094 
성동구,353450 
광진구,412400 
동대문구,384393 
중랑구,376864 
성북구,459165 
강북구,314740 
도봉구,305151 
노원구,550548 
은평구,463697 
서대문구,397064 
마포구,494366 
양천구,414696 
강서구,557443 
구로구,411387 
금천구,218876 
영등포구,471599 
동작구,435265 
관악구,523852 
서초구,598181 
강남구,801670 
송파구,766712 
강동구,493718 
종로구,262529 
중구,232264 
용산구,280630 
성동구,354455 
광진구,413025 
동대문구,386134 
중랑구,384734 
성북구,464001 
강북구,323837 
도봉구,313636 
노원구,557542 
은평구,477110 
서대문구,389930 
마포구,473554 
양천구,420174 
강서구,566846 
구로구,415653 
금천구,217147 
영등포구,455598 
동작구,438603 
관악구,539758 
서초구,562668 
강남구,740186 
송파구,765597 
강동구,503770 
종로구,241279 
중구,203561 
용산구,266120 
성동구,346190 
광진구,406178 
동대문구,382978 
중랑구,396409 
성북구,469655 
강북구,331355 
도봉구,318327 
노원구,563533 
은평구,490506 
서대문구,384366 
마포구,456249 
양천구,424905 
강서구,580361 
구로구,407045 
금천구,213880 
영등포구,429538 
동작구,442807 
관악구,556308 
서초구,522764 
강남구,697812 
송파구,759397 
강동구,515371 
종로구,234941 
중구,196786 
용산구,262982 
성동구,344612 
광진구,404243 
동대문구,383264 
중랑구,399089 
성북구,472133 
강북구,333922 
도봉구,320744 
노원구,566429 
은평구,493927 
서대문구,384518 
마포구,448958 
양천구,427058 
강서구,582827 
구로구,405580 
금천구,213582 
영등포구,424277 
동작구,444121 
관악구,559211 
서초구,513326 
강남구,681825 
송파구,759790 
강동구,517151 
종로구,232215 
중구,193242 
용산구,261261 
성동구,344769 
광진구,404009 
동대문구,383404 
중랑구,400423 
성북구,472449 
강북구,335207 
도봉구,321955 
노원구,567134 
은평구,495697 
서대문구,384066 
마포구,446552 
양천구,427922 
강서구,583948 
구로구,405715 
금천구,213514 
영등포구,421864 
동작구,445187 
관악구,560841 
서초구,510282 
강남구,673208 
송파구,759751 
강동구,518411 
종로구,230345 
중구,190377 
용산구,260869 
성동구,345069 
광진구,404109 
동대문구,383690 
중랑구,401368 
성북구,472786 
강북구,335759 
도봉구,322782 
노원구,567900 
은평구,497000 
서대문구,384356 
마포구,443730 
양천구,428356 
강서구,584787 
구로구,405963 
금천구,213450 
영등포구,420860 
동작구,445822 
관악구,561771 
서초구,508036 
강남구,667634 
송파구,759682 
강동구,518791 
종로구,229891 
중구,187640 
용산구,260449 
성동구,346220 
광진구,404243 
동대문구,383876 
중랑구,401698 
성북구,473171 
강북구,335866 
도봉구,323460 
노원구,568320 
은평구,497419 
서대문구,384103 
마포구,442501 
양천구,428843 
강서구,585316 
구로구,405875 
금천구,213536 
영등포구,420664 
동작구,446836 
관악구,562041 
서초구,506814 
강남구,664637 
송파구,759437 
강동구,518711 
종로구,232514 
중구,187234 
용산구,261754 
성동구,346882 
광진구,403765 
동대문구,385321 
중랑구,400633 
성북구,473578 
강북구,334636 
도봉구,322242 
노원구,567324 
은평구,495570 
서대문구,384848 
마포구,442188 
양천구,428567 
강서구,586207 
구로구,405981 
금천구,213163 
영등포구,422927 
동작구,446169 
관악구,560822 
서초구,507816 
강남구,664653 
송파구,760004 
강동구,518479 
종로구,234947 
중구,187686 
용산구,267513 
성동구,349962 
광진구,404261 
동대문구,385313 
중랑구,396824 
성북구,472634 
강북구,330215 
도봉구,321206 
노원구,564912 
은평구,492350 
서대문구,385105 
마포구,444870 
양천구,427706 
강서구,587293 
구로구,403643 
금천구,211106 
영등포구,427494 
동작구,445311 
관악구,556712 
서초구,519293 
강남구,669998 
송파구,762005 
강동구,518779 
종로구,246526 
중구,201152 
용산구,277244 
성동구,354346 
광진구,402808 
동대문구,385302 
중랑구,389340 
성북구,468447 
강북구,322838 
도봉구,316554 
노원구,556542 
은평구,485397 
서대문구,386249 
마포구,447889 
양천구,421445 
강서구,586672 
구로구,402788 
금천구,212765 
영등포구,439265 
동작구,442497 
관악구,547655 
서초구,549154 
강남구,694529 
송파구,764302 
강동구,515082 
종로구,282576 
중구,246217 
용산구,298736 
성동구,366656 
광진구,402024 
동대문구,389989 
중랑구,376303 
성북구,458106 
강북구,309890 
도봉구,309339 
노원구,543364 
은평구,470314 
서대문구,390241 
마포구,453000 
양천구,406562 
강서구,579464 
구로구,408341 
금천구,219747 
영등포구,489133 
동작구,435497 
관악구,530602 
서초구,593707 
강남구,748045 
송파구,765042 
강동구,505169 
종로구,353713 
중구,360240 
용산구,322016 
성동구,381119 
광진구,383978 
동대문구,390612 
중랑구,347206 
성북구,441806 
강북구,289913 
도봉구,289215 
노원구,516171 
은평구,428470 
서대문구,403211 
마포구,469364 
양천구,382160 
강서구,551433 
구로구,409504 
금천구,247832 
영등포구,545488 
동작구,414997 
관악구,483089 
서초구,658119 
강남구,876711 
송파구,761460 
강동구,474054 
종로구,404619 
중구,426179 
용산구,333415 
성동구,379965 
광진구,372164 
동대문구,388198 
중랑구,329708 
성북구,430037 
강북구,278523 
도봉구,275614 
노원구,503468 
은평구,405383 
서대문구,412984 
마포구,488188 
양천구,367223 
강서구,534533 
구로구,408601 
금천구,260101 
영등포구,566646 
동작구,397255 
관악구,451521 
서초구,704955 
강남구,986555 
송파구,756530 
강동구,457472 
종로구,434532 
중구,463913 
용산구,335660 
성동구,377456 
광진구,368911 
동대문구,390973 
중랑구,322429 
성북구,427184 
강북구,272771 
도봉구,268033 
노원구,496034 
은평구,392458 
서대문구,422398 
마포구,498353 
양천구,359457 
강서구,526788 
구로구,404053 
금천구,263438 
영등포구,574783 
동작구,390479 
관악구,438901 
서초구,726642 
강남구,1036501 
송파구,752435 
강동구,448871 
종로구,457950 
중구,487510 
용산구,338376 
성동구,375623 
광진구,367224 
동대문구,391885 
중랑구,318187 
성북구,427254 
강북구,268813 
도봉구,262736 
노원구,490290 
은평구,383490 
서대문구,426362 
마포구,505265 
양천구,354376 
강서구,520109 
구로구,400695 
금천구,264027 
영등포구,581242 
동작구,386505 
관악구,431227 
서초구,744262 
강남구,1066294 
송파구,748480 
강동구,441766 
종로구,472155 
중구,504054 
용산구,340201 
성동구,373250 
광진구,366192 
동대문구,394875 
중랑구,314239 
성북구,425673 
강북구,266920 
도봉구,260800 
노원구,485924 
은평구,379080 
서대문구,425432 
마포구,511025 
양천구,351416 
강서구,515620 
구로구,400426 
금천구,265020 
영등포구,581798 
동작구,386715 
관악구,425996 
서초구,754973 
강남구,1086151 
송파구,751126 
강동구,436369 
종로구,477344 
중구,513664 
용산구,342606 
성동구,373678 
광진구,366688 
동대문구,395982 
중랑구,312289 
성북구,425585 
강북구,264759 
도봉구,258678 
노원구,485886 
은평구,375434 
서대문구,429280 
마포구,515184 
양천구,352251 
강서구,513581 
구로구,398359 
금천구,266518 
영등포구,583822 
동작구,387076 
관악구,421713 
서초구,762211 
강남구,1101680 
송파구,752726 
강동구,434163 
종로구,479264 
중구,512738 
용산구,344635 
성동구,374895 
광진구,365661 
동대문구,398422 
중랑구,312102 
성북구,424127 
강북구,264141 
도봉구,258913 
노원구,485722 
은평구,375053 
서대문구,429510 
마포구,515722 
양천구,355200 
강서구,510913 
구로구,398235 
금천구,266197 
영등포구,582785 
동작구,387826 
관악구,421876 
서초구,762365 
강남구,1104964 
송파구,757301 
강동구,436142 
종로구,471183 
중구,501983 
용산구,345463 
성동구,377142 
광진구,367557 
동대문구,396615 
중랑구,315593 
성북구,423822 
강북구,266946 
도봉구,258712 
노원구,487478 
은평구,379728 
서대문구,421551 
마포구,519276 
양천구,358114 
강서구,513034 
구로구,400300 
금천구,267656 
영등포구,580925 
동작구,389712 
관악구,426561 
서초구,756960 
강남구,1097708 
송파구,756631 
강동구,440232 
종로구,451200 
중구,479862 
용산구,340350 
성동구,379237 
광진구,371888 
동대문구,393468 
중랑구,322212 
성북구,427763 
강북구,271751 
도봉구,262433 
노원구,488278 
은평구,385312 
서대문구,418135 
마포구,519842 
양천구,363120 
강서구,515749 
구로구,406355 
금천구,267243 
영등포구,578307 
동작구,392808 
관악구,431500 
서초구,750913 
강남구,1082873 
송파구,759350 
강동구,443022 
종로구,426151 
중구,450460 
용산구,338914 
성동구,380833 
광진구,378401 
동대문구,387209 
중랑구,330625 
성북구,429399 
강북구,276708 
도봉구,266868 
노원구,495671 
은평구,393406 
서대문구,412532 
마포구,523224 
양천구,370894 
강서구,518258 
구로구,415393 
금천구,264183 
영등포구,569520 
동작구,399554 
관악구,440769 
서초구,741513 
강남구,1054751 
송파구,763381 
강동구,449332 
종로구,386650 
중구,384002 
용산구,332200 
성동구,380997 
광진구,401400 
동대문구,383370 
중랑구,345913 
성북구,436870 
강북구,287061 
도봉구,276200 
노원구,510652 
은평구,414951 
서대문구,406369 
마포구,523677 
양천구,381057 
강서구,524002 
구로구,418019 
금천구,247909 
영등포구,546651 
동작구,413396 
관악구,459973 
서초구,712308 
강남구,993872 
송파구,770116 
강동구,461225 
종로구,354632 
중구,335302 
용산구,308529 
성동구,364586 
광진구,407714 
동대문구,382820 
중랑구,361269 
성북구,445952 
강북구,301181 
도봉구,285938 
노원구,529256 
은평구,434944 
서대문구,401166 
마포구,516081 
양천구,395254 
강서구,538305 
구로구,414468 
금천구,230725 
영등포구,506928 
동작구,422926 
관악구,487725 
서초구,666390 
강남구,910253 
송파구,771501 
강동구,477179 
종로구,327426 
중구,300414 
용산구,297059 
성동구,360448 
광진구,408672 
동대문구,382535 
중랑구,368531 
성북구,451559 
강북구,309452 
도봉구,293886 
노원구,540499 
은평구,449282 
서대문구,397296 
마포구,508562 
양천구,403865 
강서구,547561 
구로구,414598 
금천구,223331 
영등포구,487163 
동작구,430227 
관악구,503861 
서초구,630386 
강남구,854273 
송파구,766140 
강동구,486146 
종로구,297675 
중구,266306 
용산구,290861 
성동구,358027 
광진구,410780 
동대문구,382777 
중랑구,375009 
성북구,456227 
강북구,315926 
도봉구,301131 
노원구,548873 
은평구,462064 
서대문구,392108 
마포구,495992 
양천구,411654 
강서구,555871 
구로구,413850 
금천구,217142 
영등포구,470506 
동작구,434296 
관악구,520009 
서초구,600480 
강남구,804531 
송파구,765576 
강동구,493447 
종로구,265370 
중구,232815 
용산구,280664 
성동구,355686 
광진구,413818 
동대문구,384400 
중랑구,383210 
성북구,463242 
강북구,323996 
도봉구,310626 
노원구,554672 
은평구,475084 
서대문구,386993 
마포구,476517 
양천구,416552 
강서구,565539 
구로구,416520 
금천구,215810 
영등포구,455586 
동작구,440221 
관악구,536378 
서초구,563403 
강남구,743047 
송파구,763057 
강동구,503839 
종로구,241055 
중구,203064 
용산구,267286 
성동구,346097 
광진구,406184 
동대문구,382459 
중랑구,395758 
성북구,468831 
강북구,332169 
도봉구,317172 
노원구,561455 
은평구,489027 
서대문구,382611 
마포구,458037 
양천구,423230 
강서구,577679 
구로구,406515 
금천구,212740 
영등포구,430068 
동작구,444167 
관악구,553652 
서초구,521730 
강남구,697886 
송파구,756515 
강동구,515149 
종로구,234777 
중구,195818 
용산구,263366 
성동구,343560 
광진구,403866 
동대문구,382440 
중랑구,398278 
성북구,471199 
강북구,334601 
도봉구,319841 
노원구,565145 
은평구,492533 
서대문구,383267 
마포구,450015 
양천구,425629 
강서구,580787 
구로구,405957 
금천구,212105 
영등포구,424076 
동작구,444852 
관악구,556806 
서초구,511642 
강남구,680204 
송파구,756964 
강동구,517170 
종로구,231747 
중구,191887 
용산구,261333 
성동구,343803 
광진구,403556 
동대문구,382562 
중랑구,399739 
성북구,471219 
강북구,335224 
도봉구,321264 
노원구,566311 
은평구,494441 
서대문구,382935 
마포구,447449 
양천구,427006 
강서구,581795 
구로구,405976 
금천구,212415 
영등포구,421120 
동작구,445848 
관악구,558694 
서초구,508030 
강남구,670660 
송파구,757146 
강동구,518257 
종로구,229974 
중구,189131 
용산구,260901 
성동구,344240 
광진구,403703 
동대문구,383118 
중랑구,400424 
성북구,471913 
강북구,335809 
도봉구,322155 
노원구,566940 
은평구,495309 
서대문구,383195 
마포구,445283 
양천구,427907 
강서구,582530 
구로구,405861 
금천구,212483 
영등포구,420038 
동작구,446926 
관악구,559549 
서초구,505458 
강남구,664394 
송파구,756813 
강동구,518907 
종로구,229129 
중구,186994 
용산구,260263 
성동구,344685 
광진구,403659 
동대문구,383616 
중랑구,400736 
성북구,472494 
강북구,336222 
도봉구,322772 
노원구,567051 
은평구,496048 
서대문구,383442 
마포구,444179 
양천구,428185 
강서구,583289 
구로구,405999 
금천구,212671 
영등포구,419239 
동작구,447485 
관악구,559692 
서초구,504569 
강남구,661661 
송파구,756609 
강동구,518720 
종로구,231237 
중구,185958 
용산구,261607 
성동구,345805 
광진구,403232 
동대문구,385199 
중랑구,399911 
성북구,472609 
강북구,334600 
도봉구,322096 
노원구,566164 
은평구,494489 
서대문구,384250 
마포구,443760 
양천구,428128 
강서구,584453 
구로구,406460 
금천구,212100 
영등포구,421777 
동작구,446891 
관악구,558905 
서초구,505963 
강남구,661041 
송파구,756891 
강동구,518602 
종로구,233943 
중구,186270 
용산구,266903 
성동구,348975 
광진구,403325 
동대문구,385808 
중랑구,396558 
성북구,471519 
강북구,330427 
도봉구,320794 
노원구,563514 
은평구,491511 
서대문구,384866 
마포구,446142 
양천구,427066 
강서구,585801 
구로구,403653 
금천구,210191 
영등포구,426278 
동작구,446343 
관악구,554831 
서초구,515839 
강남구,667472 
송파구,758685 
강동구,518699 
종로구,245509 
중구,200270 
용산구,277760 
성동구,353714 
광진구,401313 
동대문구,386295 
중랑구,387950 
성북구,467889 
강북구,322583 
도봉구,315292 
노원구,556254 
은평구,484054 
서대문구,386140 
마포구,449205 
양천구,421554 
강서구,585662 
구로구,401384 
금천구,212032 
영등포구,437911 
동작구,443741 
관악구,545672 
서초구,543150 
강남구,691853 
송파구,762343 
강동구,515048 
종로구,281585 
중구,244620 
용산구,300693 
성동구,363064 
광진구,401327 
동대문구,390391 
중랑구,375654 
성북구,456716 
강북구,310560 
도봉구,308127 
노원구,543447 
은평구,469323 
서대문구,390711 
마포구,454141 
양천구,406281 
강서구,578432 
구로구,408241 
금천구,219019 
영등포구,485915 
동작구,437257 
관악구,528369 
서초구,589221 
강남구,743283 
송파구,763045 
강동구,503812 
종로구,351184 
중구,356437 
용산구,321028 
성동구,377749 
광진구,382846 
동대문구,389187 
중랑구,347201 
성북구,438462 
강북구,290901 
도봉구,288953 
노원구,515357 
은평구,429598 
서대문구,401136 
마포구,472378 
양천구,383388 
강서구,550161 
구로구,409362 
금천구,247016 
영등포구,541605 
동작구,414805 
관악구,484460 
서초구,651453 
강남구,873247 
송파구,761285 
강동구,474445 
종로구,401324 
중구,420974 
용산구,333143 
성동구,377097 
광진구,371365 
동대문구,388603 
중랑구,330880 
성북구,427251 
강북구,278628 
도봉구,276398 
노원구,503428 
은평구,406575 
서대문구,411593 
마포구,489223 
양천구,368586 
강서구,534350 
구로구,408696 
금천구,260864 
영등포구,557788 
동작구,397946 
관악구,453350 
서초구,700063 
강남구,979005 
송파구,758545 
강동구,458710 
종로구,435491 
중구,455345 
용산구,336527 
성동구,374878 
광진구,370522 
동대문구,390435 
중랑구,322209 
성북구,423211 
강북구,273303 
도봉구,268267 
노원구,495950 
은평구,394440 
서대문구,418178 
마포구,498488 
양천구,360545 
강서구,527187 
구로구,405246 
금천구,263986 
영등포구,564945 
동작구,392586 
관악구,441410 
서초구,723704 
강남구,1030845 
송파구,757118 
강동구,449062 
종로구,461144 
중구,483052 
용산구,338577 
성동구,371704 
광진구,367738 
동대문구,392819 
중랑구,317609 
성북구,421481 
강북구,270339 
도봉구,263369 
노원구,488444 
은평구,386262 
서대문구,421448 
마포구,504989 
양천구,354632 
강서구,519677 
구로구,400425 
금천구,265557 
영등포구,572659 
동작구,388062 
관악구,433619 
서초구,744206 
강남구,1060573 
송파구,754912 
강동구,441892 
종로구,476937 
중구,504502 
용산구,337898 
성동구,372048 
광진구,367973 
동대문구,393387 
중랑구,315122 
성북구,419229 
강북구,268029 
도봉구,259431 
노원구,483414 
은평구,380164 
서대문구,421935 
마포구,509858 
양천구,351796 
강서구,513852 
구로구,397863 
금천구,265984 
영등포구,576235 
동작구,386953 
관악구,428539 
서초구,755678 
강남구,1079934 
송파구,758452 
강동구,436926 
종로구,483280 
중구,514465 
용산구,341870 
성동구,371763 
광진구,366804 
동대문구,395706 
중랑구,311976 
성북구,418190 
강북구,265004 
도봉구,257599 
노원구,482029 
은평구,376231 
서대문구,424525 
마포구,515300 
양천구,351817 
강서구,511517 
구로구,396543 
금천구,267403 
영등포구,578205 
동작구,387672 
관악구,424997 
서초구,761323 
강남구,1094322 
송파구,766854 
강동구,434999 
종로구,482654 
중구,513360 
용산구,342951 
성동구,371197 
광진구,367992 
동대문구,397280 
중랑구,311852 
성북구,418153 
강북구,263796 
도봉구,257819 
노원구,482310 
은평구,376348 
서대문구,425984 
마포구,517706 
양천구,354132 
강서구,509723 
구로구,396543 
금천구,266233 
영등포구,579554 
동작구,388838 
관악구,422858 
서초구,763463 
강남구,1098580 
송파구,767240 
강동구,436461 
종로구,469368 
중구,502219 
용산구,345244 
성동구,375364 
광진구,371365 
동대문구,395827 
중랑구,314665 
성북구,420514 
강북구,266615 
도봉구,259213 
노원구,481955 
은평구,379716 
서대문구,422430 
마포구,518506 
양천구,359361 
강서구,510146 
구로구,401505 
금천구,266006 
영등포구,574837 
동작구,388125 
관악구,426959 
서초구,757826 
강남구,1095503 
송파구,764963 
강동구,438506 
종로구,449435 
중구,479327 
용산구,342512 
성동구,375636 
광진구,374459 
동대문구,393103 
중랑구,321057 
성북구,421948 
강북구,269680 
도봉구,261306 
노원구,486474 
은평구,385554 
서대문구,416825 
마포구,521985 
양천구,364213 
강서구,514624 
구로구,403279 
금천구,266323 
영등포구,572468 
동작구,391781 
관악구,432690 
서초구,753815 
강남구,1082534 
송파구,764634 
강동구,443254 
종로구,422226 
중구,451988 
용산구,342945 
성동구,377598 
광진구,382822 
동대문구,386040 
중랑구,329144 
성북구,425875 
강북구,274624 
도봉구,265762 
노원구,491751 
은평구,393212 
서대문구,413464 
마포구,526506 
양천구,370746 
강서구,517248 
구로구,410926 
금천구,263014 
영등포구,566718 
동작구,398838 
관악구,441728 
서초구,741204 
강남구,1058565 
송파구,768819 
강동구,446515 
종로구,385629 
중구,390961 
용산구,336247 
성동구,376463 
광진구,402640 
동대문구,380179 
중랑구,343964 
성북구,431872 
강북구,283753 
도봉구,275149 
노원구,507013 
은평구,415383 
서대문구,406462 
마포구,529331 
양천구,379781 
강서구,523932 
구로구,414961 
금천구,247314 
영등포구,543561 
동작구,413474 
관악구,465455 
서초구,714139 
강남구,995836 
송파구,773081 
강동구,459521 
종로구,357580 
중구,343811 
용산구,313645 
성동구,360978 
광진구,409619 
동대문구,378677 
중랑구,358859 
성북구,441180 
강북구,297625 
도봉구,285750 
노원구,526178 
은평구,434303 
서대문구,403015 
마포구,522554 
양천구,395328 
강서구,533790 
구로구,406725 
금천구,230146 
영등포구,508321 
동작구,423628 
관악구,490243 
서초구,675763 
강남구,918176 
송파구,774128 
강동구,474623 
종로구,330985 
중구,307744 
용산구,302128 
성동구,356032 
광진구,411704 
동대문구,380129 
중랑구,366716 
성북구,447260 
강북구,306332 
도봉구,294123 
노원구,536036 
은평구,447559 
서대문구,400472 
마포구,515321 
양천구,403518 
강서구,543148 
구로구,407250 
금천구,223415 
영등포구,488399 
동작구,429866 
관악구,505492 
서초구,641959 
강남구,863763 
송파구,770681 
강동구,482817 
종로구,300011 
중구,271267 
용산구,294932 
성동구,354851 
광진구,412908 
동대문구,380923 
중랑구,374892 
성북구,453632 
강북구,313428 
도봉구,301441 
노원구,546032 
은평구,460250 
서대문구,395340 
마포구,500971 
양천구,412470 
강서구,552163 
구로구,409836 
금천구,217216 
영등포구,473163 
동작구,434677 
관악구,520013 
서초구,611237 
강남구,811062 
송파구,769837 
강동구,491821 
종로구,264096 
중구,235984 
용산구,286521 
성동구,353967 
광진구,414928 
동대문구,383064 
중랑구,383603 
성북구,460536 
강북구,322496 
도봉구,311612 
노원구,552929 
은평구,474659 
서대문구,389018 
마포구,480384 
양천구,416384 
강서구,563809 
구로구,412954 
금천구,216054 
영등포구,457940 
동작구,439806 
관악구,535114 
서초구,573848 
강남구,746092 
송파구,767951 
강동구,501952 
종로구,241430 
중구,204919 
용산구,271027 
성동구,345322 
광진구,406200 
동대문구,381054 
중랑구,395051 
성북구,466535 
강북구,330813 
도봉구,316659 
노원구,561518 
은평구,489450 
서대문구,384079 
마포구,459969 
양천구,423626 
강서구,577596 
구로구,405462 
금천구,213018 
영등포구,431713 
동작구,443102 
관악구,551800 
서초구,525165 
강남구,701295 
송파구,759315 
강동구,514161 
종로구,234472 
중구,196384 
용산구,266209 
성동구,343656 
광진구,403773 
동대문구,381445 
중랑구,398135 
성북구,469163 
강북구,333923 
도봉구,319151 
노원구,565074 
은평구,493301 
서대문구,383885 
마포구,451695 
양천구,426409 
강서구,580223 
구로구,404624 
금천구,212162 
영등포구,425028 
동작구,443603 
관악구,555768 
서초구,515072 
강남구,682988 
송파구,758820 
강동구,516702 
종로구,231437 
중구,192511 
용산구,264535 
성동구,344216 
광진구,403658 
동대문구,382055 
중랑구,399285 
성북구,469671 
강북구,334859 
도봉구,320735 
노원구,565994 
은평구,495491 
서대문구,383529 
마포구,449086 
양천구,427598 
강서구,580998 
구로구,404118 
금천구,212203 
영등포구,422670 
동작구,445289 
관악구,557941 
서초구,510560 
강남구,673373 
송파구,758672 
강동구,517234 
종로구,229561 
중구,189953 
용산구,263133 
성동구,344815 
광진구,403270 
동대문구,382165 
중랑구,399849 
성북구,470580 
강북구,335523 
도봉구,321544 
노원구,566840 
은평구,496853 
서대문구,383307 
마포구,447081 
양천구,427975 
강서구,582429 
구로구,404471 
금천구,212207 
영등포구,421221 
동작구,445887 
관악구,559267 
서초구,508024 
강남구,667611 
송파구,758907 
강동구,518114 
종로구,229141 
중구,187613 
용산구,262632 
성동구,345185 
광진구,403225 
동대문구,382837 
중랑구,400072 
성북구,470551 
강북구,335760 
도봉구,322549 
노원구,567443 
은평구,497094 
서대문구,383856 
마포구,445045 
양천구,428353 
강서구,583153 
구로구,404897 
금천구,212678 
영등포구,420481 
동작구,446733 
관악구,559894 
서초구,507260 
강남구,663581 
송파구,759157 
강동구,518497 
종로구,231341 
중구,187069 
용산구,263372 
성동구,346309 
광진구,402889 
동대문구,383713 
중랑구,399795 
성북구,470678 
강북구,334227 
도봉구,322027 
노원구,566550 
은평구,495477 
서대문구,384382 
마포구,444263 
양천구,428567 
강서구,584146 
구로구,405081 
금천구,212098 
영등포구,422965 
동작구,446375 
관악구,558817 
서초구,508441 
강남구,662561 
송파구,759587 
강동구,518001 
종로구,233505 
중구,186979 
용산구,267988 
성동구,349636 
광진구,402516 
동대문구,384869 
중랑구,396569 
성북구,470274 
강북구,330720 
도봉구,321170 
노원구,564155 
은평구,492648 
서대문구,385173 
마포구,446192 
양천구,427715 
강서구,585234 
구로구,402463 
금천구,209900 
영등포구,427813 
동작구,445210 
관악구,555253 
서초구,518726 
강남구,669153 
송파구,760978 
강동구,518256 
종로구,244773 
중구,201328 
용산구,278215 
성동구,354381 
광진구,401429 
동대문구,385286 
중랑구,388679 
성북구,466377 
강북구,323919 
도봉구,315812 
노원구,555822 
은평구,485189 
서대문구,386649 
마포구,448781 
양천구,422420 
강서구,583628 
구로구,401179 
금천구,211095 
영등포구,439773 
동작구,443385 
관악구,547071 
서초구,546522 
강남구,692849 
송파구,764398 
강동구,514748 
종로구,279332 
중구,244003 
용산구,300468 
성동구,364716 
광진구,400287 
동대문구,388325 
중랑구,376792 
성북구,455733 
강북구,311657 
도봉구,309433 
노원구,545267 
은평구,470298 
서대문구,390648 
마포구,453860 
양천구,408435 
강서구,577390 
구로구,410491 
금천구,219165 
영등포구,488077 
동작구,434992 
관악구,530790 
서초구,591206 
강남구,745840 
송파구,766365 
강동구,504702 
종로구,345864 
중구,350271 
용산구,321591 
성동구,378647 
광진구,382860 
동대문구,389318 
중랑구,350326 
성북구,438279 
강북구,293959 
도봉구,292325 
노원구,520631 
은평구,433117 
서대문구,399679 
마포구,470300 
양천구,386007 
강서구,551626 
구로구,412844 
금천구,245452 
영등포구,541211 
동작구,418020 
관악구,486795 
서초구,650981 
강남구,866268 
송파구,763811 
강동구,479254 
종로구,393714 
중구,414191 
용산구,334153 
성동구,376600 
광진구,370682 
동대문구,385747 
중랑구,332747 
성북구,425354 
강북구,282060 
도봉구,276131 
노원구,506170 
은평구,409052 
서대문구,407561 
마포구,490700 
양천구,372289 
강서구,537740 
구로구,409028 
금천구,258644 
영등포구,559660 
동작구,400917 
관악구,455182 
서초구,706403 
강남구,978543 
송파구,763986 
강동구,464560 
종로구,425989 
중구,447792 
용산구,335277 
성동구,375598 
광진구,368464 
동대문구,384619 
중랑구,324938 
성북구,420339 
강북구,276860 
도봉구,269850 
노원구,498501 
은평구,398118 
서대문구,415235 
마포구,500290 
양천구,366775 
강서구,530682 
구로구,407053 
금천구,262664 
영등포구,566329 
동작구,393623 
관악구,441942 
서초구,727998 
강남구,1032604 
송파구,763574 
강동구,456406 
종로구,448543 
중구,472372 
용산구,338505 
성동구,372530 
광진구,366575 
동대문구,386257 
중랑구,320718 
성북구,417955 
강북구,274276 
도봉구,266255 
노원구,492946 
은평구,389576 
서대문구,419933 
마포구,506294 
양천구,361091 
강서구,523265 
구로구,403667 
금천구,264225 
영등포구,574582 
동작구,389145 
관악구,434170 
서초구,746228 
강남구,1062029 
송파구,760874 
강동구,450734 
종로구,461147 
중구,489863 
용산구,342684 
성동구,372545 
광진구,367703 
동대문구,387453 
중랑구,318971 
성북구,416273 
강북구,271276 
도봉구,262778 
노원구,488980 
은평구,383702 
서대문구,419798 
마포구,511224 
양천구,358180 
강서구,519721 
구로구,401451 
금천구,266847 
영등포구,577118 
동작구,387346 
관악구,430012 
서초구,756137 
강남구,1081046 
송파구,762457 
강동구,445311 
종로구,463667 
중구,495582 
용산구,345576 
성동구,373147 
광진구,367283 
동대문구,389270 
중랑구,317713 
성북구,415129 
강북구,269008 
도봉구,261550 
노원구,485864 
은평구,380672 
서대문구,420792 
마포구,516367 
양천구,358740 
강서구,517532 
구로구,400872 
금천구,266233 
영등포구,582526 
동작구,388658 
관악구,426357 
서초구,765112 
강남구,1093843 
송파구,766615 
강동구,444708 
종로구,462414 
중구,495642 
용산구,344501 
성동구,374419 
광진구,367374 
동대문구,389195 
중랑구,317334 
성북구,413435 
강북구,269200 
도봉구,261282 
노원구,487128 
은평구,380606 
서대문구,420245 
마포구,519469 
양천구,359848 
강서구,517129 
구로구,399973 
금천구,265798 
영등포구,581539 
동작구,389146 
관악구,425839 
서초구,767474 
강남구,1096508 
송파구,769372 
강동구,446594 
종로구,451707 
중구,485110 
용산구,346339 
성동구,375412 
광진구,370932 
동대문구,389131 
중랑구,320069 
성북구,413479 
강북구,269942 
도봉구,261503 
노원구,485899 
은평구,383631 
서대문구,414652 
마포구,521086 
양천구,363829 
강서구,516278 
구로구,402257 
금천구,266162 
영등포구,581565 
동작구,389142 
관악구,428541 
서초구,763149 
강남구,1090912 
송파구,768378 
강동구,449548 
종로구,435460 
중구,467517 
용산구,343647 
성동구,375495 
광진구,374876 
동대문구,385979 
중랑구,325494 
성북구,415614 
강북구,271728 
도봉구,265031 
노원구,486968 
은평구,388069 
서대문구,411023 
마포구,523855 
양천구,368412 
강서구,518905 
구로구,404044 
금천구,263575 
영등포구,577542 
동작구,391890 
관악구,433702 
서초구,759240 
강남구,1076833 
송파구,770357 
강동구,449900 
종로구,414553 
중구,439472 
용산구,345104 
성동구,379171 
광진구,383128 
동대문구,382464 
중랑구,332820 
성북구,419582 
강북구,275297 
도봉구,268347 
노원구,492120 
은평구,396155 
서대문구,405976 
마포구,530797 
양천구,373823 
강서구,520865 
구로구,411333 
금천구,259706 
영등포구,570167 
동작구,398059 
관악구,445049 
서초구,746748 
강남구,1052344 
송파구,776410 
강동구,453465 
종로구,384239 
중구,380535 
용산구,345448 
성동구,381537 
광진구,406654 
동대문구,379489 
중랑구,344191 
성북구,425088 
강북구,283271 
도봉구,275311 
노원구,504742 
은평구,414691 
서대문구,397800 
마포구,534549 
양천구,381660 
강서구,524522 
구로구,416793 
금천구,241967 
영등포구,552360 
동작구,415583 
관악구,464224 
서초구,724890 
강남구,994717 
송파구,782450 
강동구,463080 
종로구,357756 
중구,336989 
용산구,328377 
성동구,364221 
광진구,413905 
동대문구,375386 
중랑구,357261 
성북구,433121 
강북구,295451 
도봉구,283897 
노원구,523390 
은평구,430425 
서대문구,393491 
마포구,532863 
양천구,395521 
강서구,533295 
구로구,406890 
금천구,226060 
영등포구,513537 
동작구,424607 
관악구,487563 
서초구,696165 
강남구,924837 
송파구,790134 
강동구,476126 
종로구,336576 
중구,305984 
용산구,315128 
성동구,356132 
광진구,415313 
동대문구,374817 
중랑구,364923 
성북구,438290 
강북구,304408 
도봉구,290415 
노원구,532692 
은평구,442384 
서대문구,389892 
마포구,525919 
양천구,402198 
강서구,541135 
구로구,406098 
금천구,220158 
영등포구,496124 
동작구,429298 
관악구,502896 
서초구,662585 
강남구,879888 
송파구,783862 
강동구,485301 
종로구,309525 
중구,273013 
용산구,305396 
성동구,353307 
광진구,416571 
동대문구,376890 
중랑구,373353 
성북구,445239 
강북구,311540 
도봉구,297547 
노원구,542033 
은평구,455079 
서대문구,386517 
마포구,516148 
양천구,409088 
강서구,551273 
구로구,407911 
금천구,214904 
영등포구,481162 
동작구,433987 
관악구,516872 
서초구,628215 
강남구,830231 
송파구,780528 
강동구,492206 
종로구,276484 
중구,240380 
용산구,299164 
성동구,352622 
광진구,417471 
동대문구,379615 
중랑구,380529 
성북구,452107 
강북구,320986 
도봉구,306404 
노원구,550524 
은평구,468381 
서대문구,383279 
마포구,497885 
양천구,413878 
강서구,561510 
구로구,411622 
금천구,212628 
영등포구,463799 
동작구,438172 
관악구,532084 
서초구,589781 
강남구,770099 
송파구,776126 
강동구,500719 
종로구,249638 
중구,208890 
용산구,281367 
성동구,344862 
광진구,407384 
동대문구,377911 
중랑구,393312 
성북구,458286 
강북구,330347 
도봉구,312381 
노원구,558371 
은평구,483460 
서대문구,378968 
마포구,476833 
양천구,420735 
강서구,573397 
구로구,408841 
금천구,210725 
영등포구,434641 
동작구,440603 
관악구,548186 
서초구,539689 
강남구,718945 
송파구,761478 
강동구,512351 
